customer_id,name,country,age
1,Anna Schmidt,Germany,43
2,Manon Simon,France,35
3,Liam Tremblay,Canada,44
4,Khaled Fathy,Egypt,40
5,Khaled Ibrahim,Egypt,39
6,Mona Adel,Egypt,50
7,Zayed Khan,UAE,55
8,Michael Brown,USA,34
9,Arjun Singh,India,31
10,Saud Al Qahtani,Saudi Arabia,38
11,Hamad Al Nahyan,UAE,32
12,Poppy Evans,UK,19
13,Hugo Martin,France,42
14,Abdullah Al Otaibi,Saudi Arabia,36
15,Nour Ahmed,Egypt,26
16,Mariam Hassan,Egypt,25
17,Anna Fischer,Germany,43
18,Daniel Brown,USA,51
19,Camille Martin,France,45
20,Hamad Hashmi,UAE,16
21,Laila Ahmed,Egypt,47
22,Hana Ibrahim,Egypt,25
23,Emma Roy,Canada,29
24,Aisha Hashmi,UAE,28
25,Layla Al Maktoum,UAE,19
26,Priya Reddy,India,40
27,Harry Williams,UK,34
28,Hamad Siddiqui,UAE,15
29,Khaled Adel,Egypt,15
30,Arjun Iyer,India,61
31,Hugo Simon,France,27
32,David Taylor,USA,20
33,Laila Adel,Egypt,53
34,Priya Reddy,India,34
35,Chloe Lee,Canada,40
36,Anna Schneider,Germany,26
37,Aisha Al Nahyan,UAE,15
38,Marie Müller,Germany,28
39,Mariam Khaled,Egypt,15
40,Mona Hassan,Egypt,60
41,Khaled Mohamed,Egypt,29
42,Hana Saad,Egypt,34
43,Omar Saad,Egypt,17
44,Zayed Al Maktoum,UAE,31
45,Hugo Moreau,France,19
46,Olivia Tremblay,Canada,44
47,Khaled Khaled,Egypt,36
48,Lukas Müller,Germany,34
49,Louis Dubois,France,38
50,Omar Adel,Egypt,35
51,Lucas Laurent,France,35
52,Sarah Taylor,USA,40
53,Youssef Ibrahim,Egypt,44
54,John Johnson,USA,41
55,Mohamed Khaled,Egypt,31
56,Khaled Mahmoud,Egypt,15
57,Mohamed Mahmoud,Egypt,39
58,Aisha Al Nahyan,UAE,46
59,Mohamed Khaled,Egypt,56
60,Hana Mahmoud,Egypt,33
61,Youssef Ali,Egypt,30
62,Rohan Gupta,India,36
63,Khaled Mahmoud,Egypt,27
64,Mariam Khaled,Egypt,15
65,Neha Singh,India,20
66,Mona Mahmoud,Egypt,26
67,Amelia Williams,UK,38
68,Mohamed Khaled,Egypt,28
69,Megan Lewis,USA,48
70,Mohamed Ibrahim,Egypt,28
71,Felix Schmidt,Germany,24
72,Hugo Bernard,France,29
73,Hana Ahmed,Egypt,45
74,Liam Tremblay,Canada,46
75,Emily Clark,USA,73
76,Mariam Mohamed,Egypt,33
77,Noah Gagnon,Canada,52
78,Khaled Adel,Egypt,17
79,Lukas Becker,Germany,51
80,Faisal Al Saud,Saudi Arabia,32
81,Liam MacDonald,Canada,37
82,George Thomas,UK,38
83,Laura Schneider,Germany,32
84,George Brown,UK,26
85,Ahmed Ahmed,Egypt,25
86,Zayed Hashmi,UAE,38
87,Khaled Ali,Egypt,16
88,Laila Mohamed,Egypt,40
89,Harry Walker,UK,42
90,Mariam Ahmed,Egypt,20
91,Noah Roy,Canada,40
92,Manon Martin,France,15
93,Megan Wilson,USA,15
94,Emma Roy,Canada,25
95,Arjun Patel,India,43
96,Hugo Moreau,France,15
97,Layla Al Maktoum,UAE,48
98,Fatima Khan,UAE,17
99,Reem Al Qahtani,Saudi Arabia,39
100,Jessica Brown,USA,27
101,Mohamed Adel,Egypt,37
102,Daniel Taylor,USA,44
103,Louis Martin,France,39
104,Faisal Al Harbi,Saudi Arabia,25
105,Jonas Fischer,Germany,37
106,Ashley Taylor,USA,33
107,Jonas Schmidt,Germany,22
108,Laila Ibrahim,Egypt,33
109,Laila Khaled,Egypt,47
110,Emily Miller,USA,27
111,Felix Weber,Germany,30
112,Chris Miller,USA,28
113,Chris Taylor,USA,32
114,Camille Laurent,France,40
115,George Thomas,UK,15
116,Mona Fathy,Egypt,46
117,Anna Weber,Germany,21
118,Michael Johnson,USA,36
119,Mohamed Khaled,Egypt,25
120,Camille Bernard,France,19
121,Mona Hassan,Egypt,67
122,Megan Brown,USA,43
123,Camille Simon,France,24
124,Louis Moreau,France,42
125,Hana Ali,Egypt,40
126,Amelia Wright,UK,16
127,Khaled Fathy,Egypt,19
128,Sarah Lewis,USA,37
129,Saud Al Otaibi,Saudi Arabia,43
130,Chloe Smith,Canada,26
131,David Clark,USA,34
132,Isla Thomas,UK,15
133,Ashley Miller,USA,32
134,Liam Roy,Canada,25
135,Omar Hassan,Egypt,28
136,Ashley Clark,USA,38
137,Chris Lewis,USA,54
138,Arjun Reddy,India,42
139,Chris Taylor,USA,45
140,Isla Wright,UK,34
141,Nour Ibrahim,Egypt,31
142,Chloe Bernard,France,35
143,Vikram Reddy,India,15
144,Louis Simon,France,28
145,David Taylor,USA,39
146,Sarah Miller,USA,28
147,Chris Davis,USA,41
148,Reem Al Saud,Saudi Arabia,27
149,Rashid Rahman,UAE,61
150,Ali Ali,Egypt,43
151,Fatima Siddiqui,UAE,41
152,Sara Mahmoud,Egypt,31
153,Manon Dubois,France,26
154,Rashid Siddiqui,UAE,30
155,Anna Schneider,Germany,33
156,Ahmed Adel,Egypt,28
157,Isla Jones,UK,43
158,Laura Schmidt,Germany,27
159,Mona Hassan,Egypt,37
160,Aisha Al Nahyan,UAE,15
161,Daniel Miller,USA,23
162,Youssef Mahmoud,Egypt,39
163,Hana Mohamed,Egypt,50
164,Daniel Davis,USA,29
165,Marie Fischer,Germany,52
166,Saud Al Qahtani,Saudi Arabia,23
167,David Anderson,USA,34
168,Hana Fathy,Egypt,62
169,Felix Schmidt,Germany,31
170,Poppy Thomas,UK,35
171,David Clark,USA,47
172,Omar Hassan,Egypt,21
173,Omar Mahmoud,Egypt,21
174,Marie Fischer,Germany,42
175,Zayed Al Maktoum,UAE,41
176,Megan Miller,USA,38
177,Daniel Miller,USA,21
178,Sarah Davis,USA,31
179,Ashley Johnson,USA,36
180,Zayed Al Maktoum,UAE,53
181,Mona Saad,Egypt,33
182,Lukas Schmidt,Germany,24
183,Laila Saad,Egypt,27
184,Ahmed Ali,Egypt,41
185,Ella Jones,UK,31
186,Saud Al Qahtani,Saudi Arabia,28
187,John Davis,USA,26
188,Ananya Sharma,India,36
189,Huda Al Saud,Saudi Arabia,30
190,Mona Adel,Egypt,36
191,Youssef Fathy,Egypt,34
192,Jonas Schmidt,Germany,49
193,Layla Siddiqui,UAE,15
194,Rohan Reddy,India,51
195,Anna Becker,Germany,18
196,Ali Hassan,Egypt,21
197,Ahmed Ibrahim,Egypt,36
198,Megan Anderson,USA,38
199,Laila Mahmoud,Egypt,36
200,Omar Adel,Egypt,52
