order_id,customer_id,product,category,quantity,price,status
1001,109,Sneakers,Clothing,3,93,Completed
1002,2,Headphones,Electronics,1,89,Pending
1003,120,T-Shirt,Clothing,6,22,Cancelled
1004,21,Jeans,Clothing,2,68,Completed
1005,2,Novel,Books,2,16,Completed
1006,69,Novel,Books,1,15,Completed
1007,72,Sneakers,Clothing,2,81,Completed
1008,2,T-Shirt,Clothing,2,21,Completed
1009,74,Jeans,Clothing,1,66,Completed
1010,2,Mouse,Electronics,1,32,Completed
1011,6,Sneakers,Clothing,4,100,Completed
1012,114,Laptop,Electronics,2,1207,Cancelled
1013,179,Headphones,Electronics,6,101,Completed
1014,80,Laptop,Electronics,4,1247,Completed
1015,119,Bookshelf,Furniture,10,158,Shipped
1016,181,T-Shirt,Clothing,6,18,Completed
1017,99,Vacuum Cleaner,Home Appliances,1,240,Completed
1018,4,T-Shirt,Clothing,1,21,Returned
1019,3,Mouse,Electronics,1,33,Pending
1020,124,T-Shirt,Clothing,5,21,Completed
1021,49,Bookshelf,Furniture,2,182,Shipped
1022,82,Headphones,Electronics,4,96,Cancelled
1023,167,Jeans,Clothing,1,66,Shipped
1024,26,Chair,Furniture,2,129,Returned
1025,105,Smart Watch,Electronics,2,252,Returned
1026,160,Yoga Mat,Sports,4,26,Cancelled
1027,98,T-Shirt,Clothing,4,22,Shipped
1028,159,T-Shirt,Clothing,2,22,Completed
1029,112,T-Shirt,Clothing,10,23,Shipped
1030,2,Sneakers,Clothing,1,96,Completed
1031,63,Keyboard,Electronics,1,43,Completed
1032,6,Bed,Furniture,1,761,Completed
1033,66,Monitor,Electronics,1,450,Completed
1034,140,Jeans,Clothing,2,67,Completed
1035,109,Smart Watch,Electronics,2,238,Cancelled
1036,28,Camera,Electronics,10,611,Completed
1037,169,T-Shirt,Clothing,10,20,Completed
1038,156,Laptop,Electronics,3,1331,Cancelled
1039,4,Microwave,Home Appliances,3,157,Completed
1040,175,Headphones,Electronics,3,93,Pending
1041,113,T-Shirt,Clothing,2,22,Completed
1042,107,Mouse,Electronics,5,27,Completed
1043,70,Phone,Electronics,8,809,Pending
1044,192,Monitor,Electronics,2,439,Returned
1045,58,Blender,Home Appliances,1,69,Returned
1046,94,Jacket,Clothing,8,137,Completed
1047,192,Mouse,Electronics,1,28,Completed
1048,2,T-Shirt,Clothing,6,22,Completed
1049,2,Novel,Books,5,15,Pending
1050,12,Textbook,Books,2,52,Completed
1051,2,Chair,Furniture,5,132,Completed
1052,40,Jacket,Clothing,2,136,Returned
1053,72,T-Shirt,Clothing,2,22,Completed
1054,26,Mouse,Electronics,6,29,Shipped
1055,2,Mouse,Electronics,2,34,Shipped
1056,3,Football,Sports,1,27,Shipped
1057,53,Laptop,Electronics,10,1140,Completed
1058,85,Sneakers,Clothing,1,82,Cancelled
1059,34,Sneakers,Clothing,1,93,Completed
1060,2,Blender,Home Appliances,5,62,Pending
1061,2,T-Shirt,Clothing,1,17,Completed
1062,116,Laptop,Electronics,1,1181,Completed
1063,134,Football,Sports,4,22,Completed
1064,110,T-Shirt,Clothing,10,17,Cancelled
1065,3,Chair,Furniture,1,168,Completed
1066,153,Monitor,Electronics,2,416,Completed
1067,168,Camera,Electronics,1,671,Completed
1068,59,Sneakers,Clothing,1,96,Completed
1069,81,Microwave,Home Appliances,3,136,Completed
1070,5,Mouse,Electronics,6,27,Completed
1071,151,Phone,Electronics,4,857,Shipped
1072,193,Bookshelf,Furniture,2,189,Completed
1073,27,Textbook,Books,1,48,Completed
1074,5,Headphones,Electronics,1,105,Completed
1075,197,Sneakers,Clothing,4,92,Pending
1076,178,T-Shirt,Clothing,1,21,Completed
1077,2,Headphones,Electronics,1,106,Completed
1078,8,Tablet,Electronics,1,471,Completed
1079,2,Table,Furniture,2,481,Completed
1080,4,Football,Sports,5,26,Completed
1081,107,Phone,Electronics,2,786,Completed
1082,174,Sneakers,Clothing,2,80,Completed
1083,15,Table,Furniture,1,471,Completed
1084,84,Keyboard,Electronics,1,46,Completed
1085,59,Chair,Furniture,1,147,Completed
1086,11,Microwave,Home Appliances,1,153,Completed
1087,104,Desk,Furniture,1,262,Cancelled
1088,159,Smart Watch,Electronics,1,221,Completed
1089,2,Jeans,Clothing,2,58,Completed
1090,4,Phone,Electronics,3,889,Completed
1091,90,T-Shirt,Clothing,1,20,Cancelled
1092,2,Blender,Home Appliances,1,77,Completed
1093,127,Sneakers,Clothing,1,94,Completed
1094,165,Bookshelf,Furniture,3,184,Completed
1095,2,T-Shirt,Clothing,2,22,Completed
1096,80,Keyboard,Electronics,1,47,Completed
1097,24,Laptop,Electronics,1,1153,Completed
1098,11,Chair,Furniture,2,148,Completed
1099,39,Blender,Home Appliances,1,73,Shipped
1100,22,Camera,Electronics,4,711,Completed
1101,134,Tablet,Electronics,2,416,Completed
1102,174,Mouse,Electronics,1,34,Completed
1103,3,Sneakers,Clothing,1,94,Completed
1104,86,Jacket,Clothing,5,126,Completed
1105,170,Jeans,Clothing,1,68,Completed
1106,85,T-Shirt,Clothing,1,23,Pending
1107,135,Jeans,Clothing,3,66,Completed
1108,55,Jeans,Clothing,1,60,Completed
1109,2,Sneakers,Clothing,10,82,Pending
1110,170,Chair,Furniture,3,152,Completed
1111,5,Sneakers,Clothing,1,80,Cancelled
1112,174,Blender,Home Appliances,2,63,Cancelled
1113,60,Yoga Mat,Sports,3,31,Completed
1114,95,Keyboard,Electronics,2,55,Completed
1115,129,Bed,Furniture,3,688,Completed
1116,2,Yoga Mat,Sports,4,33,Completed
1117,32,Novel,Books,1,15,Completed
1118,2,Sneakers,Clothing,5,84,Shipped
1119,2,Headphones,Electronics,1,99,Completed
1120,10,Headphones,Electronics,1,115,Pending
1121,121,T-Shirt,Clothing,1,22,Cancelled
1122,2,Tablet,Electronics,2,478,Completed
1123,29,Vacuum Cleaner,Home Appliances,3,213,Cancelled
1124,160,Headphones,Electronics,1,89,Completed
1125,2,Phone,Electronics,2,897,Completed
1126,2,Tablet,Electronics,2,440,Completed
1127,130,Phone,Electronics,1,914,Pending
1128,2,Chair,Furniture,5,128,Completed
1129,3,Jacket,Clothing,1,115,Completed
1130,87,T-Shirt,Clothing,1,22,Pending
1131,162,Headphones,Electronics,2,108,Completed
1132,2,Phone,Electronics,6,852,Pending
1133,140,Novel,Books,1,14,Completed
1134,13,Laptop,Electronics,1,1253,Returned
1135,191,Keyboard,Electronics,1,44,Completed
1136,95,Football,Sports,1,24,Shipped
1137,3,Table,Furniture,3,545,Pending
1138,79,Bookshelf,Furniture,1,170,Completed
1139,187,Jeans,Clothing,2,54,Returned
1140,15,Mouse,Electronics,1,34,Completed
1141,8,T-Shirt,Clothing,4,19,Completed
1142,4,T-Shirt,Clothing,1,22,Completed
1143,95,Mouse,Electronics,2,31,Completed
1144,167,Sneakers,Clothing,2,92,Completed
1145,144,Football,Sports,1,21,Completed
1146,178,Sneakers,Clothing,1,96,Shipped
1147,183,Chair,Furniture,4,133,Completed
1148,89,Phone,Electronics,4,844,Cancelled
1149,3,Bookshelf,Furniture,1,169,Cancelled
1150,36,Headphones,Electronics,1,96,Completed
1151,142,Chair,Furniture,2,144,Completed
1152,123,Novel,Books,1,13,Completed
1153,165,Sneakers,Clothing,1,99,Completed
1154,142,Desk,Furniture,1,302,Completed
1155,15,Headphones,Electronics,2,114,Pending
1156,58,Chair,Furniture,1,141,Completed
1157,163,Football,Sports,4,28,Shipped
1158,3,Monitor,Electronics,2,415,Completed
1159,87,T-Shirt,Clothing,2,18,Pending
1160,3,Bookshelf,Furniture,1,198,Completed
1161,128,T-Shirt,Clothing,2,22,Returned
1162,4,Bookshelf,Furniture,1,188,Completed
1163,119,Camera,Electronics,1,687,Completed
1164,89,T-Shirt,Clothing,3,19,Shipped
1165,120,Phone,Electronics,2,769,Completed
1166,158,Camera,Electronics,1,580,Completed
1167,185,Yoga Mat,Sports,4,34,Completed
1168,79,Sneakers,Clothing,2,90,Completed
1169,3,Phone,Electronics,2,774,Completed
1170,74,Keyboard,Electronics,4,51,Completed
1171,196,Vacuum Cleaner,Home Appliances,5,206,Completed
1172,74,Laptop,Electronics,2,1038,Completed
1173,175,Chair,Furniture,1,162,Completed
1174,143,Phone,Electronics,1,703,Shipped
1175,12,Sneakers,Clothing,2,82,Completed
1176,7,Jeans,Clothing,2,65,Completed
1177,77,Textbook,Books,1,52,Completed
1178,122,Chair,Furniture,2,150,Pending
1179,186,Mouse,Electronics,8,32,Returned
1180,199,T-Shirt,Clothing,1,21,Completed
1181,185,Headphones,Electronics,2,87,Completed
1182,12,Vacuum Cleaner,Home Appliances,3,188,Completed
1183,106,Laptop,Electronics,1,1133,Completed
1184,181,T-Shirt,Clothing,4,20,Completed
1185,81,Headphones,Electronics,3,95,Shipped
1186,185,Desk,Furniture,2,303,Cancelled
1187,72,Blender,Home Appliances,2,65,Completed
1188,54,Headphones,Electronics,1,114,Cancelled
1189,185,Chair,Furniture,2,149,Completed
1190,89,Phone,Electronics,1,842,Shipped
1191,89,Blender,Home Appliances,1,66,Shipped
1192,70,T-Shirt,Clothing,1,21,Shipped
1193,63,Jeans,Clothing,2,53,Completed
1194,2,Textbook,Books,1,50,Completed
1195,41,Jeans,Clothing,8,53,Completed
1196,16,Football,Sports,2,28,Completed
1197,137,T-Shirt,Clothing,1,22,Cancelled
1198,46,Novel,Books,6,13,Shipped
1199,4,Laptop,Electronics,4,1321,Returned
1200,86,Keyboard,Electronics,1,43,Completed
1201,130,Yoga Mat,Sports,2,30,Completed
1202,66,Headphones,Electronics,1,88,Cancelled
1203,50,Laptop,Electronics,1,1141,Completed
1204,23,Novel,Books,4,17,Completed
1205,2,Phone,Electronics,2,916,Completed
1206,186,Headphones,Electronics,6,108,Completed
1207,120,Monitor,Electronics,1,383,Completed
1208,80,Mouse,Electronics,5,30,Cancelled
1209,14,T-Shirt,Clothing,1,23,Completed
1210,121,Camera,Electronics,1,745,Cancelled
1211,153,Blender,Home Appliances,3,77,Returned
1212,2,Phone,Electronics,3,787,Completed
1213,2,Bookshelf,Furniture,2,180,Completed
1214,2,Phone,Electronics,2,729,Pending
1215,2,Camera,Electronics,2,653,Pending
1216,149,Jacket,Clothing,4,116,Completed
1217,7,Smart Watch,Electronics,2,265,Shipped
1218,3,Desk,Furniture,1,281,Cancelled
1219,97,Yoga Mat,Sports,5,29,Completed
1220,90,Jeans,Clothing,2,63,Completed
1221,1,Treadmill,Sports,1,823,Cancelled
1222,98,Yoga Mat,Sports,3,30,Pending
1223,186,Monitor,Electronics,1,382,Cancelled
1224,5,Laptop,Electronics,2,1258,Completed
1225,13,Laptop,Electronics,2,1234,Completed
1226,199,Laptop,Electronics,2,1178,Completed
1227,82,Chair,Furniture,4,141,Completed
1228,170,Sneakers,Clothing,1,99,Completed
1229,189,Smart Watch,Electronics,2,233,Shipped
1230,165,T-Shirt,Clothing,2,20,Completed
1231,2,Sneakers,Clothing,2,85,Cancelled
1232,119,Desk,Furniture,1,331,Shipped
1233,2,Bookshelf,Furniture,2,205,Completed
1234,3,T-Shirt,Clothing,4,23,Completed
1235,49,Monitor,Electronics,2,421,Pending
1236,8,T-Shirt,Clothing,1,21,Completed
1237,192,Textbook,Books,1,50,Shipped
1238,8,Desk,Furniture,2,277,Completed
1239,67,Sneakers,Clothing,2,87,Completed
1240,195,Novel,Books,4,15,Pending
1241,57,Textbook,Books,2,53,Cancelled
1242,76,Laptop,Electronics,2,1219,Completed
1243,168,Keyboard,Electronics,4,48,Shipped
1244,190,Keyboard,Electronics,2,54,Completed
1245,126,Tablet,Electronics,1,490,Completed
1246,20,Novel,Books,6,17,Shipped
1247,60,Jeans,Clothing,2,65,Completed
1248,3,Tablet,Electronics,2,412,Shipped
1249,106,Textbook,Books,1,58,Completed
1250,5,Table,Furniture,8,466,Completed
1251,2,Blender,Home Appliances,1,79,Completed
1252,96,Table,Furniture,1,547,Shipped
1253,21,Desk,Furniture,3,277,Completed
1254,142,Novel,Books,1,16,Completed
1255,166,T-Shirt,Clothing,1,21,Pending
1256,11,Bed,Furniture,1,775,Completed
1257,20,Novel,Books,2,16,Cancelled
1258,5,Keyboard,Electronics,3,51,Completed
1259,20,Headphones,Electronics,4,89,Completed
1260,139,Bed,Furniture,4,714,Completed
1261,129,Sneakers,Clothing,10,80,Cancelled
1262,3,Mouse,Electronics,1,26,Completed
1263,116,T-Shirt,Clothing,1,23,Completed
1264,170,Mouse,Electronics,2,34,Completed
1265,2,Sneakers,Clothing,1,84,Completed
1266,24,Sneakers,Clothing,1,81,Completed
1267,2,Keyboard,Electronics,1,48,Completed
1268,24,Bookshelf,Furniture,1,175,Completed
1269,200,Sneakers,Clothing,1,100,Completed
1270,44,Novel,Books,8,17,Cancelled
1271,2,Tablet,Electronics,1,419,Completed
1272,185,Keyboard,Electronics,1,54,Completed
1273,102,T-Shirt,Clothing,1,18,Completed
1274,167,T-Shirt,Clothing,1,22,Shipped
1275,2,Tablet,Electronics,6,426,Shipped
1276,148,Yoga Mat,Sports,3,28,Pending
1277,145,Keyboard,Electronics,4,47,Completed
1278,3,Treadmill,Sports,3,768,Shipped
1279,5,Headphones,Electronics,4,109,Pending
1280,40,Jeans,Clothing,1,54,Cancelled
1281,103,Sneakers,Clothing,10,78,Completed
1282,18,Textbook,Books,2,61,Cancelled
1283,2,Blender,Home Appliances,5,72,Completed
1284,166,Tablet,Electronics,2,465,Completed
1285,2,Sneakers,Clothing,2,103,Completed
1286,101,Table,Furniture,2,512,Completed
1287,124,Jeans,Clothing,1,63,Completed
1288,37,Smart Watch,Electronics,1,285,Completed
1289,25,Mouse,Electronics,2,33,Completed
1290,30,Jeans,Clothing,1,57,Completed
1291,190,Mouse,Electronics,4,26,Completed
1292,60,Headphones,Electronics,2,90,Pending
1293,189,T-Shirt,Clothing,3,18,Completed
1294,53,Headphones,Electronics,1,103,Completed
1295,138,Jeans,Clothing,2,65,Completed
1296,136,Keyboard,Electronics,1,49,Shipped
1297,2,Keyboard,Electronics,1,48,Completed
1298,152,Tablet,Electronics,4,473,Completed
1299,3,Phone,Electronics,1,708,Completed
1300,3,Smart Watch,Electronics,1,223,Cancelled
1301,36,T-Shirt,Clothing,2,23,Completed
1302,125,Vacuum Cleaner,Home Appliances,5,218,Completed
1303,176,Blender,Home Appliances,2,80,Completed
1304,195,Jeans,Clothing,1,59,Completed
1305,145,Laptop,Electronics,1,1101,Cancelled
1306,4,Sneakers,Clothing,1,91,Pending
1307,140,Mouse,Electronics,1,33,Completed
1308,6,Smart Watch,Electronics,3,268,Completed
1309,31,Monitor,Electronics,1,443,Cancelled
1310,182,Headphones,Electronics,2,109,Completed
1311,16,Smart Watch,Electronics,4,259,Completed
1312,75,Table,Furniture,1,515,Completed
1313,25,Monitor,Electronics,10,443,Completed
1314,168,Jacket,Clothing,1,117,Completed
1315,195,Novel,Books,3,14,Pending
1316,97,Mouse,Electronics,2,27,Completed
1317,72,T-Shirt,Clothing,1,22,Cancelled
1318,199,Novel,Books,2,15,Pending
1319,17,Phone,Electronics,2,913,Pending
1320,83,Mouse,Electronics,4,34,Pending
1321,88,Keyboard,Electronics,2,51,Returned
1322,5,Sneakers,Clothing,2,78,Completed
1323,52,Novel,Books,1,15,Shipped
1324,71,Textbook,Books,1,61,Completed
1325,14,Mouse,Electronics,3,26,Completed
1326,181,Keyboard,Electronics,1,53,Completed
1327,114,Headphones,Electronics,2,87,Completed
1328,34,Jeans,Clothing,10,66,Completed
1329,2,Headphones,Electronics,4,88,Completed
1330,174,Mouse,Electronics,5,33,Completed
1331,185,Table,Furniture,3,426,Completed
1332,56,Jacket,Clothing,2,135,Completed
1333,110,Phone,Electronics,2,861,Completed
1334,154,Tablet,Electronics,1,420,Cancelled
1335,78,Keyboard,Electronics,1,57,Completed
1336,62,T-Shirt,Clothing,1,18,Completed
1337,4,Phone,Electronics,2,800,Shipped
1338,94,Football,Sports,5,22,Completed
1339,3,Tablet,Electronics,10,446,Completed
1340,74,Headphones,Electronics,6,113,Completed
1341,2,Chair,Furniture,3,146,Completed
1342,4,Monitor,Electronics,2,377,Completed
1343,17,Mouse,Electronics,4,31,Completed
1344,9,Smart Watch,Electronics,1,284,Completed
1345,45,T-Shirt,Clothing,3,17,Completed
1346,134,Jeans,Clothing,1,64,Completed
1347,69,Microwave,Home Appliances,1,130,Cancelled
1348,135,Phone,Electronics,1,896,Completed
1349,93,Jeans,Clothing,1,61,Completed
1350,147,Novel,Books,1,14,Completed
1351,4,Phone,Electronics,1,858,Completed
1352,10,Desk,Furniture,1,289,Completed
1353,107,Textbook,Books,2,59,Shipped
1354,3,Keyboard,Electronics,2,55,Completed
1355,120,Headphones,Electronics,1,100,Returned
1356,95,Sneakers,Clothing,1,85,Completed
1357,152,Bookshelf,Furniture,2,169,Shipped
1358,63,Treadmill,Sports,3,920,Completed
1359,178,Football,Sports,2,21,Returned
1360,187,Football,Sports,3,21,Completed
1361,37,Headphones,Electronics,2,114,Cancelled
1362,180,Phone,Electronics,5,901,Returned
1363,164,Camera,Electronics,2,698,Pending
1364,61,Laptop,Electronics,2,1224,Completed
1365,84,Novel,Books,1,17,Completed
1366,150,Monitor,Electronics,1,349,Completed
1367,2,Phone,Electronics,1,788,Cancelled
1368,4,Camera,Electronics,4,643,Completed
1369,38,Jeans,Clothing,1,62,Completed
1370,67,Monitor,Electronics,2,383,Pending
1371,141,Headphones,Electronics,4,114,Completed
1372,5,Desk,Furniture,1,327,Shipped
1373,166,Phone,Electronics,1,878,Completed
1374,51,T-Shirt,Clothing,1,23,Shipped
1375,85,Smart Watch,Electronics,5,222,Completed
1376,186,Football,Sports,6,22,Completed
1377,2,Laptop,Electronics,1,1266,Completed
1378,2,Novel,Books,2,13,Completed
1379,2,Bookshelf,Furniture,1,156,Returned
1380,98,Table,Furniture,4,520,Pending
1381,129,Mouse,Electronics,2,30,Completed
1382,5,Monitor,Electronics,2,343,Completed
1383,60,Blender,Home Appliances,1,69,Shipped
1384,189,Phone,Electronics,1,838,Completed
1385,91,Treadmill,Sports,4,778,Shipped
1386,189,Yoga Mat,Sports,1,27,Cancelled
1387,145,Textbook,Books,3,47,Completed
1388,139,Football,Sports,4,28,Completed
1389,2,Chair,Furniture,1,132,Completed
1390,83,Textbook,Books,1,50,Completed
1391,2,Tablet,Electronics,1,478,Completed
1392,87,Laptop,Electronics,3,1274,Completed
1393,125,Tablet,Electronics,6,404,Completed
1394,92,Headphones,Electronics,3,114,Completed
1395,33,T-Shirt,Clothing,1,18,Completed
1396,198,Laptop,Electronics,2,1273,Shipped
1397,57,Laptop,Electronics,6,1237,Completed
1398,2,Phone,Electronics,1,799,Completed
1399,187,T-Shirt,Clothing,4,23,Returned
1400,2,Camera,Electronics,1,604,Completed
1401,106,Laptop,Electronics,3,1159,Completed
1402,148,Mouse,Electronics,1,30,Completed
1403,76,Jeans,Clothing,1,54,Completed
1404,42,Monitor,Electronics,1,353,Cancelled
1405,158,Bookshelf,Furniture,1,201,Returned
1406,112,Jeans,Clothing,3,59,Completed
1407,185,Phone,Electronics,1,729,Shipped
1408,2,Sofa,Furniture,1,943,Completed
1409,5,Chair,Furniture,1,130,Completed
1410,21,Desk,Furniture,1,264,Completed
1411,68,Phone,Electronics,2,868,Completed
1412,115,Bookshelf,Furniture,5,163,Completed
1413,39,Smart Watch,Electronics,4,232,Cancelled
1414,194,Jeans,Clothing,1,53,Completed
1415,138,Bookshelf,Furniture,4,198,Cancelled
1416,102,Football,Sports,1,26,Shipped
1417,174,Jeans,Clothing,5,60,Shipped
1418,43,Tablet,Electronics,2,511,Shipped
1419,112,Blender,Home Appliances,2,62,Completed
1420,187,Microwave,Home Appliances,2,125,Shipped
1421,71,Laptop,Electronics,1,1160,Completed
1422,108,Textbook,Books,3,47,Completed
1423,26,Tablet,Electronics,2,459,Shipped
1424,89,Bookshelf,Furniture,1,158,Returned
1425,45,Monitor,Electronics,2,419,Completed
1426,7,Tablet,Electronics,3,465,Completed
1427,6,Headphones,Electronics,6,107,Completed
1428,176,Sneakers,Clothing,4,85,Completed
1429,83,Novel,Books,8,13,Completed
1430,5,Smart Watch,Electronics,1,261,Cancelled
1431,41,Sneakers,Clothing,4,100,Completed
1432,146,Jeans,Clothing,4,58,Completed
1433,2,Headphones,Electronics,4,110,Shipped
1434,163,Jeans,Clothing,4,56,Shipped
1435,122,Jeans,Clothing,2,55,Completed
1436,177,Mouse,Electronics,5,27,Completed
1437,55,Laptop,Electronics,4,1038,Returned
1438,6,T-Shirt,Clothing,1,21,Returned
1439,2,Yoga Mat,Sports,2,32,Pending
1440,182,Headphones,Electronics,6,103,Completed
1441,120,Smart Watch,Electronics,1,241,Completed
1442,105,Table,Furniture,2,519,Shipped
1443,176,Vacuum Cleaner,Home Appliances,2,214,Completed
1444,67,Laptop,Electronics,2,1376,Completed
1445,62,Football,Sports,1,26,Returned
1446,175,Blender,Home Appliances,2,76,Completed
1447,104,Laptop,Electronics,1,1199,Completed
1448,3,Laptop,Electronics,2,1275,Completed
1449,130,Sofa,Furniture,5,977,Completed
1450,121,Tablet,Electronics,2,471,Completed
1451,3,Monitor,Electronics,3,437,Completed
1452,85,Phone,Electronics,3,765,Completed
1453,3,T-Shirt,Clothing,1,20,Completed
1454,3,T-Shirt,Clothing,1,20,Completed
1455,88,Mouse,Electronics,1,33,Completed
1456,184,Bed,Furniture,2,785,Completed
1457,15,Phone,Electronics,10,760,Completed
1458,126,Monitor,Electronics,1,431,Pending
1459,110,Sneakers,Clothing,2,80,Shipped
1460,4,Mouse,Electronics,1,26,Returned
1461,4,Sneakers,Clothing,1,91,Completed
1462,79,Novel,Books,1,14,Completed
1463,153,Microwave,Home Appliances,1,132,Completed
1464,126,Smart Watch,Electronics,1,264,Completed
1465,59,Headphones,Electronics,5,113,Completed
1466,32,Yoga Mat,Sports,1,27,Completed
1467,137,T-Shirt,Clothing,5,17,Completed
1468,13,T-Shirt,Clothing,1,17,Cancelled
1469,40,Smart Watch,Electronics,2,241,Completed
1470,2,Jeans,Clothing,2,51,Completed
1471,159,Jeans,Clothing,5,59,Completed
1472,2,Phone,Electronics,1,706,Completed
1473,2,Headphones,Electronics,1,106,Completed
1474,29,Football,Sports,1,24,Pending
1475,186,Jeans,Clothing,1,54,Cancelled
1476,68,Textbook,Books,2,57,Completed
1477,174,Phone,Electronics,1,722,Completed
1478,5,Jacket,Clothing,3,105,Completed
1479,188,Tablet,Electronics,2,431,Completed
1480,70,Blender,Home Appliances,2,63,Pending
1481,43,Jeans,Clothing,2,60,Completed
1482,2,Jeans,Clothing,6,52,Completed
1483,92,Blender,Home Appliances,1,74,Completed
1484,124,Novel,Books,3,17,Shipped
1485,81,Phone,Electronics,1,779,Completed
1486,58,Novel,Books,3,15,Shipped
1487,25,Jeans,Clothing,2,57,Completed
1488,39,Jacket,Clothing,3,119,Pending
1489,41,Bookshelf,Furniture,1,206,Completed
1490,83,Desk,Furniture,1,300,Completed
1491,104,Yoga Mat,Sports,1,26,Pending
1492,2,Phone,Electronics,2,787,Completed
1493,10,Yoga Mat,Sports,1,32,Completed
1494,78,Laptop,Electronics,2,1053,Returned
1495,14,Bookshelf,Furniture,2,188,Pending
1496,184,Vacuum Cleaner,Home Appliances,3,199,Completed
1497,2,Jeans,Clothing,3,53,Pending
1498,12,Yoga Mat,Sports,2,28,Returned
1499,66,Chair,Furniture,3,164,Completed
1500,49,Headphones,Electronics,1,113,Cancelled
1501,151,Phone,Electronics,6,779,Completed
1502,128,Novel,Books,2,15,Completed
1503,131,Jacket,Clothing,2,122,Pending
1504,27,Textbook,Books,1,58,Completed
1505,156,T-Shirt,Clothing,2,22,Shipped
1506,116,Sneakers,Clothing,8,84,Pending
1507,180,Tablet,Electronics,5,464,Completed
1508,2,Keyboard,Electronics,2,54,Cancelled
1509,46,Jeans,Clothing,1,68,Completed
1510,123,Jeans,Clothing,1,57,Completed
1511,137,Football,Sports,3,27,Completed
1512,2,Vacuum Cleaner,Home Appliances,2,229,Completed
1513,65,Headphones,Electronics,1,108,Completed
1514,92,Laptop,Electronics,1,1302,Pending
1515,191,Phone,Electronics,3,888,Completed
1516,178,Mouse,Electronics,4,30,Completed
1517,81,Textbook,Books,6,53,Shipped
1518,114,Laptop,Electronics,1,1288,Pending
1519,140,Textbook,Books,2,58,Cancelled
1520,175,Headphones,Electronics,1,107,Completed
1521,2,Yoga Mat,Sports,1,32,Completed
1522,40,Tablet,Electronics,1,497,Completed
1523,170,Textbook,Books,3,57,Completed
1524,135,Sneakers,Clothing,1,91,Completed
1525,138,Headphones,Electronics,2,87,Completed
1526,76,Mouse,Electronics,3,33,Completed
1527,167,Sneakers,Clothing,10,91,Completed
1528,160,Jeans,Clothing,5,59,Completed
1529,30,Laptop,Electronics,1,1339,Completed
1530,96,Sofa,Furniture,5,841,Completed
1531,83,Chair,Furniture,1,149,Completed
1532,2,Football,Sports,6,23,Completed
1533,27,Headphones,Electronics,1,104,Completed
1534,19,Microwave,Home Appliances,3,156,Cancelled
1535,2,Tablet,Electronics,1,444,Pending
1536,100,Bookshelf,Furniture,1,184,Completed
1537,2,Mouse,Electronics,1,28,Cancelled
1538,92,Laptop,Electronics,1,1289,Shipped
1539,4,Phone,Electronics,1,869,Completed
1540,35,Mouse,Electronics,2,31,Cancelled
1541,77,Sneakers,Clothing,1,99,Completed
1542,3,Textbook,Books,3,60,Completed
1543,138,Bookshelf,Furniture,1,160,Completed
1544,55,Phone,Electronics,3,730,Completed
1545,5,T-Shirt,Clothing,1,20,Completed
1546,141,Headphones,Electronics,4,109,Completed
1547,3,Bookshelf,Furniture,1,169,Completed
1548,3,Keyboard,Electronics,3,44,Shipped
1549,150,Keyboard,Electronics,2,49,Completed
1550,2,Bed,Furniture,6,765,Pending
1551,174,Jeans,Clothing,1,63,Cancelled
1552,142,Novel,Books,1,15,Completed
1553,138,T-Shirt,Clothing,1,17,Completed
1554,130,Jacket,Clothing,3,125,Completed
1555,2,Blender,Home Appliances,3,72,Completed
1556,2,Novel,Books,3,15,Returned
1557,24,T-Shirt,Clothing,1,22,Completed
1558,158,Chair,Furniture,4,157,Cancelled
1559,145,Sneakers,Clothing,1,80,Completed
1560,57,Yoga Mat,Sports,2,32,Cancelled
1561,133,Headphones,Electronics,1,93,Shipped
1562,27,Mouse,Electronics,2,30,Completed
1563,68,Jeans,Clothing,4,60,Completed
1564,20,Bed,Furniture,1,674,Completed
1565,89,Mouse,Electronics,2,34,Completed
1566,2,Chair,Furniture,2,155,Completed
1567,184,T-Shirt,Clothing,1,18,Pending
1568,3,T-Shirt,Clothing,1,19,Completed
1569,2,T-Shirt,Clothing,2,21,Completed
1570,2,Phone,Electronics,5,803,Shipped
1571,185,Chair,Furniture,8,146,Cancelled
1572,121,Microwave,Home Appliances,1,159,Returned
1573,197,Tablet,Electronics,2,495,Completed
1574,117,T-Shirt,Clothing,3,19,Completed
1575,2,Laptop,Electronics,1,1156,Shipped
1576,7,Jeans,Clothing,2,66,Completed
1577,3,Novel,Books,3,15,Shipped
1578,111,Sofa,Furniture,6,765,Completed
1579,4,Mouse,Electronics,2,26,Pending
1580,179,Mouse,Electronics,3,31,Completed
1581,22,Smart Watch,Electronics,3,232,Completed
1582,2,Novel,Books,1,15,Completed
1583,81,Phone,Electronics,3,682,Completed
1584,138,Phone,Electronics,2,782,Completed
1585,106,Mouse,Electronics,3,28,Completed
1586,79,Bookshelf,Furniture,2,163,Completed
1587,31,Sneakers,Clothing,1,87,Cancelled
1588,2,Camera,Electronics,1,689,Completed
1589,17,Bookshelf,Furniture,3,191,Completed
1590,17,Phone,Electronics,6,715,Completed
1591,103,Mouse,Electronics,3,31,Completed
1592,45,Table,Furniture,2,532,Completed
1593,74,Smart Watch,Electronics,3,228,Completed
1594,173,Sneakers,Clothing,3,90,Completed
1595,200,Headphones,Electronics,1,85,Completed
1596,3,Jeans,Clothing,1,58,Shipped
1597,89,Bookshelf,Furniture,2,192,Shipped
1598,148,Monitor,Electronics,1,413,Completed
1599,88,Headphones,Electronics,2,100,Shipped
1600,148,Blender,Home Appliances,5,80,Completed
1601,2,Smart Watch,Electronics,2,241,Cancelled
1602,67,Jeans,Clothing,5,67,Completed
1603,2,T-Shirt,Clothing,3,23,Shipped
1604,2,Chair,Furniture,4,128,Completed
1605,91,Microwave,Home Appliances,6,122,Completed
1606,49,T-Shirt,Clothing,3,18,Completed
1607,2,Headphones,Electronics,5,107,Completed
1608,174,T-Shirt,Clothing,1,18,Shipped
1609,124,Chair,Furniture,4,128,Completed
1610,71,Keyboard,Electronics,5,56,Completed
1611,3,Yoga Mat,Sports,1,34,Completed
1612,101,Blender,Home Appliances,2,70,Returned
1613,81,Sneakers,Clothing,1,89,Cancelled
1614,157,Laptop,Electronics,2,1096,Returned
1615,88,Headphones,Electronics,1,93,Completed
1616,103,Chair,Furniture,3,137,Completed
1617,2,Headphones,Electronics,2,89,Completed
1618,15,Headphones,Electronics,1,98,Completed
1619,162,Blender,Home Appliances,2,63,Completed
1620,146,Jeans,Clothing,1,65,Completed
1621,162,Phone,Electronics,1,719,Completed
1622,66,Jacket,Clothing,1,111,Completed
1623,148,Mouse,Electronics,3,29,Completed
1624,173,T-Shirt,Clothing,4,18,Completed
1625,119,Sneakers,Clothing,1,89,Completed
1626,162,Tablet,Electronics,4,405,Completed
1627,81,Mouse,Electronics,1,34,Completed
1628,114,Keyboard,Electronics,2,47,Pending
1629,43,Football,Sports,2,27,Completed
1630,180,Laptop,Electronics,3,1282,Cancelled
1631,122,Headphones,Electronics,1,97,Completed
1632,2,Laptop,Electronics,3,1163,Completed
1633,2,T-Shirt,Clothing,1,22,Completed
1634,84,Phone,Electronics,1,881,Returned
1635,35,Desk,Furniture,6,333,Shipped
1636,163,Jeans,Clothing,2,54,Returned
1637,124,Smart Watch,Electronics,2,260,Completed
1638,78,Blender,Home Appliances,1,69,Completed
1639,137,Table,Furniture,1,539,Completed
1640,2,Textbook,Books,2,62,Completed
1641,144,Headphones,Electronics,1,85,Completed
1642,57,Monitor,Electronics,2,426,Completed
1643,178,Smart Watch,Electronics,3,230,Cancelled
1644,18,Keyboard,Electronics,4,54,Completed
1645,160,Keyboard,Electronics,2,52,Completed
1646,20,Keyboard,Electronics,8,45,Completed
1647,2,Phone,Electronics,1,785,Completed
1648,179,Smart Watch,Electronics,2,271,Pending
1649,4,Keyboard,Electronics,6,55,Completed
1650,4,Desk,Furniture,4,272,Completed
1651,189,Sneakers,Clothing,3,83,Shipped
1652,54,Headphones,Electronics,1,107,Completed
1653,11,Jeans,Clothing,1,57,Cancelled
1654,93,Bookshelf,Furniture,2,160,Returned
1655,84,Novel,Books,1,14,Completed
1656,19,Sneakers,Clothing,1,92,Completed
1657,64,Jeans,Clothing,1,63,Completed
1658,161,Phone,Electronics,6,828,Completed
1659,2,Mouse,Electronics,2,27,Completed
1660,188,Bookshelf,Furniture,1,188,Completed
1661,125,Jeans,Clothing,1,57,Cancelled
1662,140,Bookshelf,Furniture,2,182,Completed
1663,142,Jacket,Clothing,4,112,Completed
1664,117,Table,Furniture,4,492,Completed
1665,6,T-Shirt,Clothing,1,19,Cancelled
1666,100,Headphones,Electronics,3,107,Completed
1667,105,Jeans,Clothing,1,65,Completed
1668,34,Phone,Electronics,1,806,Completed
1669,3,Laptop,Electronics,1,1059,Completed
1670,2,Chair,Furniture,2,156,Cancelled
1671,21,Laptop,Electronics,3,1352,Completed
1672,95,T-Shirt,Clothing,3,19,Pending
1673,78,Laptop,Electronics,2,1242,Completed
1674,2,Headphones,Electronics,1,101,Completed
1675,143,T-Shirt,Clothing,6,20,Completed
1676,171,Phone,Electronics,1,833,Completed
1677,169,Phone,Electronics,2,870,Completed
1678,84,Treadmill,Sports,1,835,Pending
1679,62,Mouse,Electronics,4,31,Completed
1680,116,Headphones,Electronics,6,108,Completed
1681,133,Mouse,Electronics,10,32,Completed
1682,2,Novel,Books,10,13,Cancelled
1683,147,Football,Sports,5,27,Shipped
1684,2,Tablet,Electronics,1,388,Completed
1685,56,Headphones,Electronics,1,109,Cancelled
1686,177,Jacket,Clothing,1,131,Cancelled
1687,4,Blender,Home Appliances,2,62,Completed
1688,112,Sneakers,Clothing,1,101,Completed
1689,155,Novel,Books,1,17,Shipped
1690,82,T-Shirt,Clothing,1,21,Completed
1691,3,Tablet,Electronics,1,450,Completed
1692,2,Camera,Electronics,2,669,Completed
1693,2,Phone,Electronics,2,700,Completed
1694,2,Chair,Furniture,1,162,Completed
1695,64,T-Shirt,Clothing,2,18,Completed
1696,29,Monitor,Electronics,3,392,Completed
1697,7,Smart Watch,Electronics,1,239,Cancelled
1698,160,Tablet,Electronics,4,430,Completed
1699,194,Laptop,Electronics,1,1315,Cancelled
1700,38,Phone,Electronics,1,857,Returned
1701,2,Microwave,Home Appliances,3,120,Completed
1702,67,Headphones,Electronics,1,101,Completed
1703,97,T-Shirt,Clothing,3,23,Completed
1704,179,Jeans,Clothing,1,52,Completed
1705,70,Laptop,Electronics,1,1256,Completed
1706,167,Textbook,Books,1,53,Completed
1707,125,Yoga Mat,Sports,3,30,Returned
1708,183,Table,Furniture,2,453,Completed
1709,41,Monitor,Electronics,1,404,Completed
1710,129,Jeans,Clothing,1,57,Completed
1711,8,Laptop,Electronics,1,1113,Shipped
1712,36,Football,Sports,1,23,Completed
1713,59,Mouse,Electronics,2,34,Completed
1714,115,T-Shirt,Clothing,1,20,Completed
1715,36,Headphones,Electronics,2,89,Completed
1716,198,Jeans,Clothing,1,60,Completed
1717,185,Football,Sports,1,28,Completed
1718,106,Keyboard,Electronics,3,56,Shipped
1719,190,Keyboard,Electronics,4,54,Completed
1720,157,Sneakers,Clothing,1,79,Completed
1721,2,T-Shirt,Clothing,2,21,Completed
1722,167,Sneakers,Clothing,4,80,Completed
1723,2,Novel,Books,1,15,Cancelled
1724,52,Laptop,Electronics,2,1117,Cancelled
1725,126,Laptop,Electronics,10,1354,Cancelled
1726,156,Novel,Books,2,17,Cancelled
1727,153,Mouse,Electronics,2,28,Completed
1728,2,T-Shirt,Clothing,1,21,Returned
1729,11,Novel,Books,2,14,Completed
1730,102,Chair,Furniture,1,156,Returned
1731,14,Sneakers,Clothing,1,84,Cancelled
1732,2,Textbook,Books,2,54,Completed
1733,83,T-Shirt,Clothing,2,22,Completed
1734,2,Headphones,Electronics,3,103,Completed
1735,32,Jeans,Clothing,4,67,Completed
1736,187,Jeans,Clothing,1,62,Pending
1737,197,Chair,Furniture,1,170,Completed
1738,2,Keyboard,Electronics,5,56,Cancelled
1739,74,Laptop,Electronics,3,1131,Completed
1740,65,Phone,Electronics,1,712,Completed
1741,127,Chair,Furniture,4,150,Completed
1742,3,T-Shirt,Clothing,2,20,Completed
1743,13,Bookshelf,Furniture,2,186,Completed
1744,3,Laptop,Electronics,1,1146,Completed
1745,42,Keyboard,Electronics,1,44,Completed
1746,46,T-Shirt,Clothing,2,21,Shipped
1747,83,Jacket,Clothing,1,115,Completed
1748,75,Mouse,Electronics,2,26,Completed
1749,54,Phone,Electronics,1,886,Cancelled
1750,23,T-Shirt,Clothing,3,18,Completed
1751,156,Jeans,Clothing,10,68,Pending
1752,158,Monitor,Electronics,2,409,Completed
1753,3,Table,Furniture,2,520,Cancelled
1754,31,Yoga Mat,Sports,1,26,Cancelled
1755,2,Headphones,Electronics,2,103,Pending
1756,18,Headphones,Electronics,3,104,Completed
1757,88,Chair,Furniture,1,142,Completed
1758,5,Bed,Furniture,4,797,Shipped
1759,2,Desk,Furniture,1,298,Completed
1760,191,Novel,Books,2,17,Completed
1761,5,Table,Furniture,3,510,Completed
1762,39,Jeans,Clothing,5,65,Completed
1763,147,Laptop,Electronics,2,1374,Completed
1764,81,Headphones,Electronics,4,89,Cancelled
1765,78,Monitor,Electronics,5,350,Completed
1766,24,Keyboard,Electronics,4,44,Completed
1767,9,Laptop,Electronics,2,1194,Cancelled
1768,133,Table,Furniture,1,541,Completed
1769,134,Phone,Electronics,2,854,Completed
1770,86,Keyboard,Electronics,4,43,Completed
1771,148,Laptop,Electronics,3,1207,Cancelled
1772,137,T-Shirt,Clothing,1,18,Completed
1773,4,Smart Watch,Electronics,1,221,Shipped
1774,70,Bookshelf,Furniture,2,159,Completed
1775,3,Jeans,Clothing,1,56,Completed
1776,28,Camera,Electronics,2,578,Completed
1777,162,Phone,Electronics,3,774,Pending
1778,183,Jeans,Clothing,1,62,Cancelled
1779,146,Blender,Home Appliances,6,61,Completed
1780,176,Blender,Home Appliances,2,79,Completed
1781,7,Sneakers,Clothing,6,89,Completed
1782,84,Mouse,Electronics,5,27,Completed
1783,44,Laptop,Electronics,1,1191,Completed
1784,183,Mouse,Electronics,2,31,Pending
1785,103,Keyboard,Electronics,4,52,Completed
1786,17,Headphones,Electronics,1,92,Completed
1787,88,Blender,Home Appliances,4,72,Completed
1788,147,Headphones,Electronics,1,105,Pending
1789,2,Phone,Electronics,1,823,Completed
1790,98,Mouse,Electronics,3,31,Completed
1791,3,T-Shirt,Clothing,1,17,Cancelled
1792,75,Blender,Home Appliances,3,75,Completed
1793,146,T-Shirt,Clothing,3,18,Pending
1794,89,Jeans,Clothing,6,68,Shipped
1795,76,T-Shirt,Clothing,2,21,Completed
1796,92,Novel,Books,1,17,Completed
1797,161,Keyboard,Electronics,2,43,Completed
1798,122,Mouse,Electronics,2,29,Completed
1799,74,Bookshelf,Furniture,1,199,Shipped
1800,3,Jeans,Clothing,1,53,Completed
1801,107,Smart Watch,Electronics,1,287,Returned
1802,117,Novel,Books,6,16,Completed
1803,3,Bookshelf,Furniture,1,177,Completed
1804,140,Vacuum Cleaner,Home Appliances,2,193,Completed
1805,149,Laptop,Electronics,2,1034,Completed
1806,193,Jeans,Clothing,3,54,Cancelled
1807,2,Desk,Furniture,5,262,Cancelled
1808,80,Football,Sports,2,22,Completed
1809,121,Textbook,Books,1,56,Completed
1810,43,Keyboard,Electronics,8,48,Completed
1811,16,Textbook,Books,3,59,Completed
1812,189,T-Shirt,Clothing,3,20,Completed
1813,72,Keyboard,Electronics,2,44,Completed
1814,155,T-Shirt,Clothing,1,19,Completed
1815,67,T-Shirt,Clothing,2,18,Pending
1816,32,Headphones,Electronics,2,90,Shipped
1817,106,T-Shirt,Clothing,4,22,Cancelled
1818,4,Headphones,Electronics,2,98,Completed
1819,2,T-Shirt,Clothing,1,22,Completed
1820,181,Jacket,Clothing,2,129,Completed
1821,115,Monitor,Electronics,2,404,Completed
1822,2,Keyboard,Electronics,6,50,Completed
1823,70,Vacuum Cleaner,Home Appliances,3,217,Completed
1824,192,Phone,Electronics,1,837,Completed
1825,47,Jeans,Clothing,2,65,Completed
1826,135,Laptop,Electronics,1,1023,Completed
1827,2,Camera,Electronics,1,595,Completed
1828,164,Football,Sports,4,26,Completed
1829,196,Football,Sports,2,22,Returned
1830,65,Bed,Furniture,5,798,Completed
1831,197,T-Shirt,Clothing,2,17,Completed
1832,2,Textbook,Books,1,59,Cancelled
1833,68,Mouse,Electronics,1,28,Completed
1834,166,Laptop,Electronics,1,1373,Completed
1835,114,Tablet,Electronics,1,486,Cancelled
1836,115,Phone,Electronics,2,698,Completed
1837,2,Chair,Furniture,1,157,Completed
1838,198,Keyboard,Electronics,1,48,Completed
1839,139,Smart Watch,Electronics,4,276,Completed
1840,2,Mouse,Electronics,3,32,Shipped
1841,166,Keyboard,Electronics,1,47,Completed
1842,197,Sofa,Furniture,1,1024,Completed
1843,77,Headphones,Electronics,8,102,Cancelled
1844,3,Novel,Books,1,16,Cancelled
1845,126,Tablet,Electronics,3,409,Completed
1846,116,Sneakers,Clothing,2,94,Shipped
1847,104,Laptop,Electronics,1,1142,Completed
1848,138,Blender,Home Appliances,2,74,Completed
1849,3,T-Shirt,Clothing,1,23,Completed
1850,2,Textbook,Books,3,48,Completed
1851,3,Keyboard,Electronics,2,54,Pending
1852,4,Phone,Electronics,4,799,Completed
1853,176,Blender,Home Appliances,3,80,Completed
1854,152,Tablet,Electronics,4,495,Completed
1855,2,Laptop,Electronics,3,1119,Completed
1856,162,Monitor,Electronics,1,410,Completed
1857,2,Sneakers,Clothing,2,77,Completed
1858,198,T-Shirt,Clothing,2,22,Completed
1859,62,Phone,Electronics,1,714,Shipped
1860,23,T-Shirt,Clothing,1,17,Completed
1861,2,Sneakers,Clothing,1,86,Completed
1862,57,Phone,Electronics,3,767,Completed
1863,2,T-Shirt,Clothing,1,18,Pending
1864,14,Textbook,Books,1,55,Completed
1865,195,Keyboard,Electronics,1,49,Completed
1866,2,Phone,Electronics,2,693,Completed
1867,108,Laptop,Electronics,2,1105,Completed
1868,26,Jeans,Clothing,3,57,Completed
1869,3,Mouse,Electronics,5,27,Completed
1870,2,Smart Watch,Electronics,2,229,Completed
1871,9,Headphones,Electronics,1,96,Cancelled
1872,44,Laptop,Electronics,4,1069,Cancelled
1873,157,Headphones,Electronics,1,94,Shipped
1874,134,T-Shirt,Clothing,1,20,Completed
1875,187,Treadmill,Sports,4,873,Completed
1876,9,Novel,Books,2,14,Shipped
1877,52,Textbook,Books,2,62,Cancelled
1878,179,Chair,Furniture,1,147,Pending
1879,3,Camera,Electronics,2,599,Shipped
1880,2,Phone,Electronics,2,751,Completed
1881,2,Jeans,Clothing,3,66,Cancelled
1882,119,Novel,Books,4,15,Cancelled
1883,136,Laptop,Electronics,1,1246,Completed
1884,54,Smart Watch,Electronics,6,233,Pending
1885,12,Phone,Electronics,3,891,Completed
1886,94,Novel,Books,1,13,Completed
1887,36,T-Shirt,Clothing,2,21,Shipped
1888,149,Headphones,Electronics,2,88,Returned
1889,69,Jeans,Clothing,3,65,Completed
1890,129,Smart Watch,Electronics,1,217,Completed
1891,75,Phone,Electronics,3,850,Completed
1892,17,Mouse,Electronics,3,32,Completed
1893,15,Novel,Books,1,13,Completed
1894,2,Tablet,Electronics,1,398,Shipped
1895,122,Laptop,Electronics,3,1170,Completed
1896,6,Camera,Electronics,1,678,Completed
1897,166,Football,Sports,2,26,Pending
1898,118,Chair,Furniture,2,157,Completed
1899,124,Phone,Electronics,1,869,Completed
1900,43,Keyboard,Electronics,1,55,Completed
1901,3,Tablet,Electronics,1,455,Shipped
1902,148,Sneakers,Clothing,1,81,Completed
1903,2,Monitor,Electronics,2,362,Completed
1904,7,Mouse,Electronics,1,30,Completed
1905,2,Chair,Furniture,2,134,Shipped
1906,75,Bookshelf,Furniture,2,180,Shipped
1907,187,Sneakers,Clothing,3,103,Shipped
1908,36,Smart Watch,Electronics,3,264,Completed
1909,2,Phone,Electronics,2,686,Completed
1910,197,T-Shirt,Clothing,2,18,Completed
1911,23,Laptop,Electronics,2,1214,Shipped
1912,15,Mouse,Electronics,2,30,Shipped
1913,96,Mouse,Electronics,4,27,Completed
1914,56,Mouse,Electronics,2,28,Cancelled
1915,187,Camera,Electronics,4,746,Shipped
1916,23,Smart Watch,Electronics,1,280,Completed
1917,152,Keyboard,Electronics,2,57,Cancelled
1918,143,Phone,Electronics,5,778,Completed
1919,75,Bed,Furniture,1,787,Completed
1920,144,Laptop,Electronics,4,1317,Cancelled
1921,164,Headphones,Electronics,1,109,Pending
1922,126,Desk,Furniture,5,314,Shipped
1923,18,T-Shirt,Clothing,3,17,Completed
1924,176,Mouse,Electronics,2,30,Completed
1925,67,Jeans,Clothing,2,53,Completed
1926,2,Laptop,Electronics,5,1135,Completed
1927,136,Smart Watch,Electronics,1,281,Completed
1928,154,Phone,Electronics,2,727,Cancelled
1929,78,Bookshelf,Furniture,4,200,Completed
1930,37,Jeans,Clothing,2,58,Completed
1931,42,Chair,Furniture,2,144,Completed
1932,158,Tablet,Electronics,1,412,Cancelled
1933,30,Football,Sports,3,28,Completed
1934,2,Textbook,Books,1,49,Cancelled
1935,88,Tablet,Electronics,10,442,Completed
1936,3,Keyboard,Electronics,1,54,Cancelled
1937,196,Keyboard,Electronics,10,46,Pending
1938,2,Phone,Electronics,3,866,Pending
1939,17,Chair,Furniture,1,130,Completed
1940,151,Laptop,Electronics,1,1055,Shipped
1941,72,Headphones,Electronics,1,96,Shipped
1942,62,Mouse,Electronics,2,27,Completed
1943,184,Laptop,Electronics,3,1315,Completed
1944,26,Keyboard,Electronics,2,56,Shipped
1945,48,Textbook,Books,2,61,Completed
1946,55,Football,Sports,1,23,Completed
1947,134,Mouse,Electronics,1,32,Completed
1948,2,Sneakers,Clothing,2,96,Completed
1949,114,Keyboard,Electronics,1,52,Completed
1950,122,Mouse,Electronics,2,34,Shipped
1951,102,Mouse,Electronics,3,26,Completed
1952,152,T-Shirt,Clothing,1,18,Shipped
1953,51,Jacket,Clothing,1,134,Completed
1954,186,T-Shirt,Clothing,1,23,Completed
1955,165,Sneakers,Clothing,2,97,Shipped
1956,131,Mouse,Electronics,6,32,Completed
1957,161,Sneakers,Clothing,1,79,Shipped
1958,7,Laptop,Electronics,4,1286,Shipped
1959,25,Mouse,Electronics,1,32,Cancelled
1960,76,T-Shirt,Clothing,2,20,Completed
1961,140,Chair,Furniture,1,139,Completed
1962,2,Sneakers,Clothing,5,103,Returned
1963,200,Smart Watch,Electronics,1,215,Completed
1964,125,Jeans,Clothing,1,60,Cancelled
1965,121,Bed,Furniture,2,698,Completed
1966,97,Novel,Books,1,15,Completed
1967,2,Mouse,Electronics,1,34,Pending
1968,88,Mouse,Electronics,1,32,Completed
1969,2,Smart Watch,Electronics,2,287,Completed
1970,30,Keyboard,Electronics,3,44,Completed
1971,146,Laptop,Electronics,2,1137,Completed
1972,2,Smart Watch,Electronics,2,214,Completed
1973,53,Keyboard,Electronics,2,44,Completed
1974,94,Chair,Furniture,1,162,Shipped
1975,5,Headphones,Electronics,8,104,Completed
1976,160,Monitor,Electronics,2,376,Cancelled
1977,18,Phone,Electronics,1,883,Completed
1978,5,Table,Furniture,1,489,Completed
1979,65,Keyboard,Electronics,1,52,Completed
1980,3,Camera,Electronics,1,701,Returned
1981,120,T-Shirt,Clothing,8,18,Completed
1982,145,T-Shirt,Clothing,4,22,Cancelled
1983,4,Laptop,Electronics,2,1092,Cancelled
1984,163,Vacuum Cleaner,Home Appliances,5,204,Completed
1985,154,Mouse,Electronics,2,33,Completed
1986,80,Headphones,Electronics,1,89,Completed
1987,2,Bookshelf,Furniture,2,177,Completed
1988,5,Monitor,Electronics,3,436,Shipped
1989,3,Chair,Furniture,4,128,Returned
1990,24,Novel,Books,1,15,Completed
1991,129,Vacuum Cleaner,Home Appliances,1,232,Shipped
1992,65,Table,Furniture,6,549,Completed
1993,150,Phone,Electronics,3,824,Cancelled
1994,2,Blender,Home Appliances,6,75,Completed
1995,2,Monitor,Electronics,5,389,Cancelled
1996,2,Phone,Electronics,2,811,Pending
1997,166,Tablet,Electronics,1,447,Shipped
1998,177,T-Shirt,Clothing,3,22,Shipped
1999,180,Jeans,Clothing,1,56,Completed
2000,100,Blender,Home Appliances,5,62,Completed
